<?xml version="1.0" encoding="UTF-8"?>
<project-private xmlns="http://www.netbeans.org/ns/project-private/1">
    <editor-bookmarks xmlns="http://www.netbeans.org/ns/editor-bookmarks/2" lastBookmarkId="0"/>
    <open-files xmlns="http://www.netbeans.org/ns/projectui-open-files/2">
        <group>
            <file>file:/C:/Users/dam2_alu10/Desktop/proyecto%204%20DI/descom/UD2_Lubián_Gañete_JulioMiguel_Proxecto/src/main/Main.java</file>
            <file>file:/C:/Users/dam2_alu10/Desktop/proyecto%204%20DI/descom/UD2_Lubián_Gañete_JulioMiguel_Proxecto/src/view/aldComputers/ManageAldComputersDialog.java</file>
        </group>
    </open-files>
</project-private>
