<?xml version="1.0" encoding="UTF-8"?>
<project-private xmlns="http://www.netbeans.org/ns/project-private/1">
    <editor-bookmarks xmlns="http://www.netbeans.org/ns/editor-bookmarks/2" lastBookmarkId="0"/>
    <open-files xmlns="http://www.netbeans.org/ns/projectui-open-files/2">
        <group>
            <file>file:/E:/DAM-2/Desarrollo%20de%20Interfaces/Para%20examen/Nueva%20carpeta/UD4_Lubián_Gañete_JulioMiguel_PE/src/controller/FrontControllerJFrame.java</file>
            <file>file:/E:/DAM-2/Desarrollo%20de%20Interfaces/Para%20examen/Nueva%20carpeta/UD4_Lubián_Gañete_JulioMiguel_PE/src/view/MainJFrame.java</file>
        </group>
    </open-files>
</project-private>
