<?xml version="1.0" encoding="UTF-8"?>
<project-private xmlns="http://www.netbeans.org/ns/project-private/1">
    <editor-bookmarks xmlns="http://www.netbeans.org/ns/editor-bookmarks/2" lastBookmarkId="0"/>
    <open-files xmlns="http://www.netbeans.org/ns/projectui-open-files/2">
        <group>
            <file>file:/E:/DAM-2/Desarrollo%20de%20Interfaces/UD2_Lubián_Gañete_JulioMiguel_Proxecto/src/controller/manageAldComputers/ManageAldComputersController.java</file>
            <file>file:/E:/DAM-2/Desarrollo%20de%20Interfaces/UD2_Lubián_Gañete_JulioMiguel_Proxecto/src/view/aldComputers/ManageAldComputersDialog.java</file>
            <file>file:/E:/DAM-2/Desarrollo%20de%20Interfaces/UD2_Lubián_Gañete_JulioMiguel_Proxecto/src/controller/FrontControllerJFrame.java</file>
        </group>
    </open-files>
</project-private>
